,title,source,excerpt,date
0,"After 5G equipment, Tata Group looking to enter semiconductor manufacturing",Mint,"Mumbai: Tata Group is looking to make a foray into semiconductor 
manufacturing, Chairman N Chandrasekaran said on Monday.",7 hours ago
1,"Chinese chip foundry SMIC forges ahead with new Beijing, Shenzhen plants",South China Morning Post,"Semiconductor giant SMIC expects construction of its new chip fabrication 
plants to proceed 'as planned', after the firm posted strong ...",3 days ago
2,"Taiwan semiconductor firms hungry for workers; wages lag US, Japan",Taipei Times,"Taiwan's semiconductor industry has been aggressively recruiting talent 
this year, with its demand for workers in the second quarter rising ...",1 day ago
3,These 2 Things Make NVIDIA the Best Semiconductor Stock For the 2020s,The Motley Fool,"Nvidia is trying to acquire leading chip licensor ARM, but has its own 
extensive chip licensing business already established.",2 days ago
4,Japan seeks new ways to strengthen semiconductor production,NHK.JP,"Japan once led the world in semiconductor production. Back in the 1980s it 
had a 50 percent share of the global market.",3 days ago
5,Taiwan's semiconductor industry hungry for workers: job bank,Focus Taiwan,"Taipei, Aug. 7 (CNA) Taiwan's NT$3 trillion (US$107.9 billion) 
semiconductor industry has been aggressively recruiting talent this 
year, ...",2 days ago
6,"AMD: Advanced Micro Devices vs. Micron Technology: Which Semiconductor 
Stock is a Better Buy?",StockNews,"Advanced Micro Devices Inc.(Nasdaq:AMD): Even amidst a global-wide chip 
shortage, semiconductor stocks are as popular as ever.",3 days ago
7,The chips are down: Why there's a semiconductor shortage,CNA,"PARIS: A shortage of semiconductors has sent shockwaves through the global 
economy, squeezing supplies of everything from cars to headphones ...",1 week ago
8,China’s biggest foundry founder founds another foundry,South China Morning Post,"Richard Chang, the father of China's foundry industry, is back with a new 
fab in Qingdao – a timely move given the surging demand for chips ...",4 days ago
9,"Goldman Sachs: Buy these semiconductor stocks as electric vehicle demand 
heats up",CNBC,"Goldman likes says semiconductor stocks are set to benefit from a sharp 
increase in demand for electric vehicle components.",3 days ago
10,"Your questions about the global chip shortage, answered",Popular Science,"The chips, often called semiconductors, sometimes called microchips, 
function as the brains of our electronics. They're tiny technological ...",3 hours ago
11,QLC at SLC speed: NEO Semiconductor's X-NAND flash ...,Blocks and Files,"NEO Semiconductor has patented X-NAND tech to accelerate SSD writes 
fifteenfold, and shrink die sizes. Two patents were awarded on August 5.",3 days ago
12,Soaring Semiconductor Sales Could Be Super for 'SMH',ETF Trends,"For technology investors in 2021, there's no escaping talk of the global 
semiconductor shortage, but for as onerous as that situation is, ...",2 hours ago
13,Meet The Demand For Semiconductors With These Three ...,Forbes,"Semiconductors are used in the manufacturing of various kinds of electronic 
devices, including diodes, transistors and integrated circuits.",4 days ago
14,New study program for semiconductor industry,Innovation Origins,"In September, a new program will be launched: the Semiconductor Packaging 
University Program. This was the wish of both chip manufacturers ...",3 days ago
15,The Semiconductor Shortage: Implications for the Global ...,DBusiness Magazine,"Many of the recent automotive factory shut downs and reports and inflation 
can be tied to the heavily publicized global chip shortage. // Stock Photo.",1 week ago
16,New semiconductor cools computer chips – Physics World,Physics World,"Most semiconductors (including silicon, germanium, gallium arsenide and 
gallium nitride) and metals have Debye temperatures below 700 K, ...",4 days ago
17,The United States is determined to dominate the ...,East Asia Forum,"The United States is determined to dominate the semiconductor tech war. 6 
August 2021. Author: June Park, George Washington University. The United 
States is ...",3 days ago
18,Foxconn to Buy Semiconductor Manufacturing Facility,The Wall Street Journal,"Foxconn to Buy Semiconductor Manufacturing Facility. The world's largest 
assembler of Apple iPhones says the purchase will help secure a steady ...",4 days ago
19,Guangdong Province plans to phase in local semiconductor ...,Global Times,"South China's Guangdong Province on Monday unveiled a vision for the 
creation of a comprehensive semiconductor industry supply chain as part ...",5 hours ago
20,Applied Materials Launches New Semiconductor Inspection ...,Pharmaceutical Technology,"Concept: US-based semiconductor equipment manufacturer Applied Materials 
launched optical semiconductor wafer inspection machines using AI ...",11 hours ago
21,"Onsemi, formerly ON Semiconductor, now pledges to be net-zero by 2040, CEO 
says",CNBC,"ON Semiconductor, now known as Onsemi, plans to achieve net-zero emissions 
by 2040, president and CEO Hassane El-Khoury told CNBC's Jim Cramer ...",3 days ago
22,"Security concerns over chip shortage are pushing governments to act, 
Moody’s says",CNBC,"More countries are pushing to produce their own semiconductor chips, which 
are in short supply globally, because “it's a matter of national ...",5 days ago
23,BlackRock launches semiconductor ETF,ETF Stream,"BlackRock has expanded its thematic ETF range with the launch of a global 
semiconductor strategy. The iShares MSCI Global Semiconductors UCITS ...",4 days ago
24,Analysts up Inari Amertron TPs after semiconductor maker ...,The Edge Markets,"Last Friday, Inari, which also offers outsourced semiconductor assembly and 
test services, said in a Bursa Malaysia filing that its net ...",12 hours ago
25,Semiconductor Shortage: China's Chipmaking Efforts Falter ...,Bloomberg.com,"The country's attempts to steer its semiconductor industry into ... The 
country doesn't control the semiconductors that are the building ...",2 weeks ago
26,SNPT Supplies Semiconductor Samples 'within 2 days' from 8 weeks,ETNEWS,"SNPT, a small and medium-sized semiconductor packaging company in Korea, 
has commercialized a technology for packaging semiconductors of ...",10 hours ago
27,Now there’s worry the chip shortage will turn into a chip glut,Fortune,"... a shortage in semiconductors—the components vital to controlling ... to 
advance capacity in the domestic semiconductor industry,” says ...",6 days ago
28,Demand for Taiwan's semiconductor industry to stay strong ...,Taiwan News,"According to the updated foundry capacity forecasts for next year by Taiwan 
Semiconductor Manufacturing Corp. (TSMC) and United Microelectronics ...",5 days ago
29,Semiconductor quantum dots: Technological progress and ...,Science,"Semiconductor materials feature optical and electronic properties that can 
be engineered through their composition and crystal structure. The ...",4 days ago
30,Why US-China Rivalry Might Be Good for Singapore's ...,The Diplomat,"Chartered Semiconductor was meant to help turn Singapore into a global 
manufacturing hub for semiconductors and computer components and for a ...",4 weeks ago
31,ON Semiconductors Investing in its Automotive Future,Nasdaq,"As the semiconductor shortage persists, acting as a drag on automotive and 
other electrical-heavy industries, the actual companies doing the ...",6 hours ago
32,TSMC and Samsung: Semiconductor Chip Shortage – The ...,The Diplomat,"The impact of the pandemic led to a surprising surge in demand for 
semiconductors, which no one anticipated. The result has been long 
queues ...",1 week ago
33,Morse Micro dodges semiconductor crisis thanks to strong ...,Financial Review,"Australia's largest semiconductor company, Morse Micro, has shaken off the 
global semiconductor shortage to ramp up the production of its ...",1 day ago
34,Semiconductors: Europe’s expensive plan to reach the top tier of chipmakers,Financial Times,"While semiconductors are a prerequisite for emerging technologies such as 
artificial intelligence, quantum computing and autonomous vehicles, it ...",3 weeks ago
35,5 Solid Stocks to Buy on a Booming Semiconductor Market,Yahoo Finance,"With demand for semiconductors on the rise, global sales once again moved 
northward in June. According to the Semiconductor Industry Association ...",4 days ago
36,Singapore's semiconductor industry faces intensifying global competition,The Business Times,"THE semiconductor industry in Singapore faces increasing global 
competition, according to Minister of State for Trade and Industry Alvin 
Tan ...",2 weeks ago
37,Commentary: The US-China semiconductor race does not ...,CNA,"For example, although US firms design cutting-edge semiconductors, 
America's share of global output has declined from 37 per cent in 1990 
to ...",2 weeks ago
38,Hemlock Semiconductor to integrate QSS employees,Midland Daily News,"Hemlock Semiconductor Operations (HSC) is updating its partnership with 
Qualified Staffing (QSS) by assuming direct operational control of ...",8 hours ago
39,Semiconductor sector outlook continues to be bullish,The Star,"Within its semiconductor sector coverage, the research unit has “buy” calls 
on Inari Amertron Bhd (target price: RM4.25), Unisem (M) Bhd (target ...",4 days ago
40,"On Semiconductor Is a Buy, Traders Should Add to Longs",RealMoney,"Stocks quotes in this article: ON. For his final ""Executive Decision"" 
segment of Mad Money Thursday evening, Jim Cramer checked in with ...",2 hours ago
41,Global semiconductor sales increase 29.2% to US$44.5bil in ...,The Star,"PETALING JAYA: Worldwide sales of semiconductors rose 29.2% to ... SIA 
represents 98% of the US semiconductor industry by revenue and nearly ...",6 days ago
42,Chinese Chipmakers Slump as Beijing Sends Speculation Warning,Yahoo Finance,"Shanghai-listed Will Semiconductor Co. fell 5.7%, while Hubei Tech 
Semiconductors Co. was down 3.3%.",9 hours ago
43,SMC 2021 to Highlight Semiconductor Materials Powering ...,HPCwire,"Themed Leading Future Technology Innovations with Materials, SMC 2021 will 
gather leaders from every segment of semiconductor manufacturing to ...",5 days ago
44,Lennar (LEN) buys lots in north Phoenix near Taiwan ...,The Business Journals,"Hundreds of homes are being planned near the Taiwan Semiconductor 
Manufacturing Co. Ltd.'s 1,128-acre manufacturing plant under 
construction ...",1 day ago
45,"Semiconductor and Electronic Parts Manufacturing Market Report 2021 - 
Global Growth, Trends, COVID-19 Impact, and Forecasts to 2026 - 
ResearchAndMarkets.com",Yahoo Finance,"The overall semiconductor industry has been driven by smartphones and other 
applications across consumer electronics, automotive applications, ...",3 days ago
46,The 10 Biggest Semiconductor News Stories Of 2021 (So Far),CRN,"The global chip shortage is easily the biggest story of the semiconductor 
industry this year, but there have been plenty of other major ...",2 weeks ago
47,Semiconductors pose an unwelcome roadblock for carmakers,The Economist,"A shortage of semiconductors has left car firms unable to install the ... 
car firms found themselves low in the semiconductor pecking order: ...",4 days ago
48,Semiconductor Surface States Enhance Wavelength ...,Photonics.com,"Semiconductor Surface States Enhance Wavelength Conversion ... LOS ANGELES, 
Aug. 3, 2021 — Electrical engineers from the UCLA Samueli School of 
Engineering ...",6 days ago
49,"Global semiconductor shortage: More challenging times ahead for Europe’s 
major carmakers",Euronews,"BMW and Stellantis became the latest major carmakers to warn on Tuesday 
that the global semiconductor chip shortage that has bedeviled the ...",6 days ago
50,The Global Semiconductor Shortage Persist for more than ...,ELE Times,"“Semiconductor manufacturing is a globally intertwined ecosystem, which 
makes the supply chain vulnerable to macroeconomics, geopolitics and ...",3 weeks ago
51,TSMC head calls for 'free trade'; semiconductor localization ...,Global Times,"The president of Taiwan Semiconductor Manufacturing Co (TSMC) called on 
countries to adopt ""free trade"" at a time when many governments were ...",2 weeks ago
52,This Semiconductor Growth Stock Just Crushed Earnings,The Motley Fool,"Cohu is seeing robust demand for its semiconductor-related products and 
services. While keeping expenses under control in Q2, Cohu grew revenue ...",4 days ago
53,Semiconductor equipment sales to hit US$100bn,Taipei Times,"The global semiconductor equipment market is forecast to expand to a 
record-high US$100 billion next year, with Taiwan regaining its top ...",3 weeks ago
54,Semiconductor stocks are rallying — and they still look like bargains,MarketWatch,"But chip makers as a group trade below the broad indexes on a 
price-to-earnings basis. Below is a list of the 10 semiconductor 
companies ...",5 days ago
55,"SoftBank Leads $200 Million Investment In Semiconductor Startup, Boosts 
Logistics Chip Space",Forbes,"A $200 million funding round led by Japanese billionaire Masayoshi Son's 
SoftBank gave a little-known California-based semiconductor startup ...",1 week ago
56,"Instead of EV Stocks, Consider These 3 Chip Stocks",The Motley Fool,"But here's an alternative: semiconductor stocks. Semiconductors are the 
basic building blocks of all technology, and they're gobbling up ...",3 days ago
57,U.K. Sold Off $42 Billion of Semiconductor Firms Before Review,Bloomberg.com,"The U.K. was once the leading semiconductor innovator in Europe, producing 
the likes of Arm Ltd., whose technology is found in 90% of all ...",1 month ago
58,Semiconductor subsidies have skyrocketed,Morning Brew,"Semiconductor subsidies have skyrocketed. From 2000-2020, the US, EU, and 
South Korea spent $12.5 billion total on chips—now, they've pledged a ...",2 weeks ago
59,"With Auto Chip Shortage Easing, Are Semiconductor Equipment Stocks Still A 
Buy?",Forbes,"The stocks in the theme have had a relatively mixed couple of days, driven 
by news from TSMC, the largest semiconductor contract manufacturer, ...",3 weeks ago
60,"Advanced Micro Devices vs. Micron Technology: Which Semiconductor Stock is 
a Better Buy?",Yahoo Finance,"Semiconductors certainly receive their fair share of media coverage. ... If 
you are uncertain which semiconductor stock is best for your ...",3 days ago
61,How Semiconductor Shortages Have Taken A Chip Out Of The Global Supply Chain,Forbes,"While news reports on the semiconductor shortage has focused on the 
automotive industry, most consumer electronics and hi-tech companies will 
be ...",4 weeks ago
62,China’s semiconductor output hits record in June with support from Beijing,South China Morning Post,"China's semiconductor output hits record high as Beijing boosts local 
production amid intensifying US-China tech war · China's integrated 
circuit ...",3 weeks ago
63,Chipmakers worry industry will make too many semiconductors,The Business Times,"The entire chip industry is cranking up investments to meet the surging 
demand. Taiwan Semiconductor Manufacturing, the world's top chipmaker, ...",2 weeks ago
64,The 5nm and 3nm chips by TSMC are maxed out. What happens next?,Tech Wire Asia,"Semiconductor foundry Taiwan Semiconductor Manufacturing Company ... it is 
the most sought-out semiconductor company in the world especially ...",12 hours ago
65,What this Dutch semiconductor company could tell you about the car market,Marketplace.org,"NXP makes semiconductors that go into both the body and brain of a car. Its 
chips make seats recline, tell windows to roll up and even let the ...",1 week ago
66,"Why Did Chip Stocks Climb Thursday? Global Semiconductor Shortage Fuels 
Gains.",Barron's,"Several auto semiconductor manufacturers such as On Semiconductor (ON) and 
NXP Semiconductors (NXPI) also saw their share prices climb briskly.",1 week ago
67,Biden administration sounds the alarm on the semiconductor crisis,Fortune,"Semiconductors, or computer chips, act as the brains that power our 
technological devices. These chips, now smaller than a stamp and thinner ...",3 weeks ago
68,"Ford expects semiconductor rebound, new vehicle demand to increase 2021 
profits",TechCrunch,"Despite semiconductor shortages peaking during the second quarter of 2021, 
Ford says it delivered better-than-expected operating results by ...",2 weeks ago
69,"Industry, Unions Urge Congress to Speed Semiconductor Bills",Bloomberg.com,"Congress must act quickly to bolster semiconductor manufacturing in the 
U.S., according to a letter from several trade groups and unions ...",2 weeks ago
70,ON Semiconductor changes its name and looks toward a green future,ABC15 Arizona,"ON Semiconductor (Nasdaq: ON) is now known as onsemi and the company said 
the shift goes hand in hand with its renewed focus on the ...",3 days ago
71,"China is buying up chip firms in a push for semiconductor supremacy, says 
UK lawmaker",CNBC,"LONDON — A U.K. lawmaker believes China is using questionable methods to 
ensure it becomes a world leader in semiconductor technology.",3 weeks ago
72,"SkyWater CEO: America Is Losing the War for Semiconductors to Asian 
Manufacturers. National Security Is at Risk.",Barron's,"About the author: Thomas Sonderman is president and CEO of SkyWater 
(ticker: SKYT), a U.S.-based semiconductor foundry.",3 weeks ago
73,BlackRock launches Article 8 global semiconductor ETF ...,Citywire Selector,"It will invest in over 200 companies across more than 15 different 
countries. SEMI tracks the MSCI ACWI IMI Semiconductors & Semiconductor ...",4 days ago
74,"Should You Buy Applied Materials, Inc. (AMAT) in Semiconductor Equipment & 
Materials Industry?",InvestorsObserver,"(AMAT) is the highest overall rated company in the Semiconductor Equipment 
& Materials industry with an overall score of 76. AMAT is up 118.65% ...",7 hours ago
75,Global Semiconductor Market Size Growing at 6.81 Percent ...,PR Newswire,"NEW YORK, Aug.6, 2021 /PRNewswire/ -- The Semiconductor market will 
register an incremental spend of about USD 171.69 Billion, growing at a ...",3 days ago
76,"GlobalFoundries to expand US HQ, increasing its ...",Morning Brew,"GlobalFoundries to expand US HQ, increasing its semiconductor output. It 
also announced a $4 billion fabrication plant in Singapore. July 26, ...",2 weeks ago
77,"Semiconductor Chips: Small Tech, Big Impact",Forbes,"As this Forbes article explains, semiconductors power most of the ... 
Vachani says the semiconductor industry is an exciting place, ...",2 weeks ago
78,"From Ford trucks to Xbox, the chip shortage is still causing problems",Vox,"When car demand returned and automakers needed semiconductors again, ... 
concluded a 100-day review of the US semiconductor supply chain, ...",4 days ago
79,Intel to Invest $20b in Semiconductor Production in Europe,Electropages,"Why are nations moving towards semiconductor self-sufficiency? The 
semiconductor shortage of 2020 / 2021 has been at the centre of attention 
in ...",3 days ago
80,How the global semiconductor tussle is shaping ASML’s future,Financial Times,"However, like other semiconductor players, ASML is trapped in the 
tightening vice between the US and China as they vie for technological ...",2 weeks ago
81,Tencent makes foray into semiconductor chip business,Global Times,"New postings for semiconductor chips development jobs on the official 
website of Tencent have sparked speculation that the Chinese tech ...",3 weeks ago
82,Explained: What makes semiconductors critical to multiple industries,India Today,"WHAT ARE SEMICONDUCTOR CHIPS? ... Integrated into complex, microelectronic 
circuits, semiconductors enable functions such as high-computing, ...",3 weeks ago
83,Europe's call for semiconductor factories: A solution in search ...,LSE Blogs,"Supply chain bottlenecks and chip shortages for the car industry have led 
to calls for Europe to develop its own semiconductor capacity.",6 days ago
84,ON Semiconductor Unveils New Trade Name: onsemi,EE Times Asia,"ON Semiconductor has launched its new trade name “onsemi” and refreshed 
brand as a next step in the company's evolution to establish itself ...",16 hours ago
85,"Transparency Is Critical as Semiconductor Industry Works to Meet Surging 
Demand",Nasdaq,"As the semiconductor industry grapples with surging demand, transparency 
into the supply chain is critical, according to Mike Splinter, chairman ...",4 weeks ago
86,"ON Semiconductor Reports Record Revenue and Non-GAAP Earnings per Share for 
Second Quarter 2021",Yahoo Finance,"ON Semiconductor Reports Record Revenue and Non-GAAP Earnings per Share for 
Second Quarter 2021. Mon, August 2, 2021, 5:00 AM ·11 min read. In this 
article:.",1 week ago
87,"GM keeps on trucking despite Covid, semiconductor concerns",The Business Times,"GM said its more bullish full-year outlook depended on having no vehicles 
stuck in inventory because of a lack of semiconductors.",5 days ago
88,Semiconductor crisis hits Maruti Suzuki; production partially impacted,Autocar India,"Semiconductor shortage still affecting automotive industry · Passenger 
vehicles use around 1,000 semiconductors · Automotive sector not biggest ...",2 days ago
89,Taiwan Semiconductor's Earnings Raise Doubts Over Outlook,Barron's,"Taiwan Semiconductor Manufacturing Co. had good news and bad news for tech 
investors. The company reported second-quarter revenue that was a ...",3 weeks ago
90,Semiconductor Market in East Asia to grow by USD 84.41 ...,PR Newswire,"2, 2021 /PRNewswire/ -- The semiconductor market in East Asia is set to 
grow by USD 84.41 billion, progressing at a CAGR of almost 6% during ...",6 days ago
91,Why ON Semiconductor Stock Just Jumped 14%,The Motley Fool,"Shares of ON Semiconductor (NASDAQ:ON) are up a solid 14% in 11 a.m. EDT 
trading Monday after the semiconductor manufacturer crushed analyst ...",1 week ago
92,Taiwan facing talent shortages in semiconductor sector,Taiwan News,"Job vacancies in semiconductor industry hit six-year high in Q2 2021 ... 
TAIPEI (Taiwan News) — Taiwanese tech companies are craving talent, as a ...",5 days ago
93,Intel's CEO lays out plan to reclaim semiconductor crown,MarketWatch,"The race is on at Intel Corp. as the semiconductor giant pledges to return 
to the top of its game, committing to produce the world's best ...",2 weeks ago
94,Peking University joins China's semiconductor push ...,The Bangkok Post,"Meanwhile, Tsinghua University created a semiconductor college in April, 
leveraging its strengths in science and engineering. The new school at ...",3 weeks ago
95,"Semiconductor wafer producer SK Siltron CSS to invest $300M in US to boost 
EV supply chain",TechCrunch,"Now, it might be strengthening that hold. SK Siltron CSS, a unit of South 
Korean semiconductor wafer manufacturer SK Siltron, announced ...",4 weeks ago
96,Is It Too Late to Buy This Semiconductor Stock After 58% Gains?,The Motley Fool,"The growing appetite for semiconductors has turned out to be a boon for 
ASML. · The company has seen a sharp spike in revenue and earnings as 
the ...",6 days ago
97,Semiconductor Shortage: Foxconn Acquires 6-inch Wafer Fab,Manufacturing Global,"Semiconductor Shortage: Foxconn Acquires 6-inch Wafer Fab ... “Although 
there are signs that the supply bottlenecks for semiconductors are ...",3 days ago
98,"Global Semiconductor Demand Drives a 78% Y/Y Increase in Unit Sales for 
IBC’s Beryllium-Aluminum Division",Yahoo Finance,"Preliminary, unaudited figures for the year ended June 30, 2021, show that 
unit sales of BeAl components for semiconductor manufacturing, ...",5 days ago
99,ON Semiconductor Corporation (ON) Q2 2021 Earnings Call Transcript,The Motley Fool,"Good morning, and thank you for joining ON Semiconductor Corporation's 
second quarter 2021 quarterly results conference call. I'm joined today ...",5 days ago
100,Mi Technovation invests RM29m to enter China's ...,The Edge Markets,"""In view of the massive investment and development in the semiconductor 
industry, the board foresees that Talentek and Mi Equipment China will ...",4 days ago
101,Tata Motors looking at measures to offset impact of semiconductor shortage,Business Standard,"Semiconductors are silicon chips that cater to control and memory functions 
in products ranging from automobiles, computers and cellphones to ...",1 week ago
102,"Intel wants to buy AMD's old chip-making business? How weird are 
semiconductor mergers going to get?",MarketWatch,"How weird are semiconductor mergers going to get? Last Updated: July 17, 
2021 at 3:24 p.m. ET First Published: July 15, 2021 at 10:33 p.m. ET.",3 weeks ago
103,July sales up but semiconductor shortage could chip away at ...,Autocar Professional,"A passenger vehicle typically uses around 1,000 semiconductors and any 
slowdown in the supply chain means manufacturing operations can come to 
a ...",10 hours ago
104,Chipmakers worry about making too many semiconductors,The Business Times,"South Korea's Samsung Electronics and SK Hynix will lead more than US$442 
billion of investment in semiconductor research and production in the ...",2 weeks ago
105,What the US Is Doing About Semiconductor Shortages — and ...,Built In,"Global semiconductor supply chain woes have been dragging on for months as 
demand for these chips continues to exceed what the domestic ...",2 weeks ago
106,Is This the Best Semiconductor Stock Right Now?,The Motley Fool,"ASML's unique position in the semiconductor market makes it a must-have in 
a long-term portfolio. · What is ASML? · Earnings highlights · Pros and ...",2 weeks ago
107,"Semiconductor shortages could last into 2023, Supplyframe ...",Supply Chain Quarterly,"A global shortage of semiconductors could stretch into the first ... 
Computer chips are in short supply as semiconductor production and ...",2 weeks ago
108,Power Semiconductor Market Size to Reach USD 59640 ...,PR Newswire,"Many semiconductor vendors are developing industry-specific devices in 
response to the growing use of Power MOSFET in electric and hybrid ...",3 weeks ago
109,Samsung still interested in NXP Semiconductor,The Korea Times,"Unlike semiconductors for use in AI devices, smartphones, computers and 
servers, automotive chips have thinner margins. But with the rapid ...",4 days ago
110,ON Semiconductor 16 Mp XGS Sensor Brings High Quality ...,Business Wire,"ON Semiconductor operates a responsive, reliable, world-class supply chain 
and quality program, a robust compliance and ethics program, and a ...",2 weeks ago
111,Seoul Semiconductor Reports Second Quarter Operating ...,Business Wire,"Seoul Semiconductor Reports Second Quarter Operating Profit up 70% on Year. 
Reported KRW 336.8 billion revenue for the second quarter 2021, all- ...",3 days ago
112,Frontken 2Q earnings climb to RM24.74mil on strong ...,The Star,"The semiconductor manufacturing services provider said revenue was up 
23.97% year-on-year (y-o-y) to RM108.63mil from RM87.62mil as volume ...",1 week ago
113,Semiconductor industry faces concerns about making too many chips,South China Morning Post,"Texas Instruments, one of world's largest chip makers, worries industry 
will make too many semiconductors. Amid a surge in investment to expand ...",2 weeks ago
114,Seoul Semiconductor: Inflection Point,Businesskorea,"Seoul Semiconductor posted sales of KRW336.8bn (+8.5% QoQ, +25.6% YoY) and 
operating profit of KRW23.4bn (+9.9% QoQ, +70.2% YoY) for 2Q21.",16 hours ago
115,"Maruti Suzuki production to be partially impacted in Aug due to 
semiconductor shortage",Business Today,"“This is to inform you that owing to the semiconductor shortage situation 
... or India that has been impacted by shortage of semiconductors.",5 days ago
116,PragmatIC Semiconductor leads project to increase the value ...,Packaging Europe,"Flexible electronics developer PragmatIC Semiconductor has announced it is 
working on an Innovate UK, Manufacturing Made Smarter project to ...",4 days ago
117,Taiwan gives TSMC green light for most advanced chip plant,Nikkei Asia,"TAIPEI -- Taiwan Semiconductor Manufacturing Co. has received final 
approval to build its most advanced chip plant yet, a day after U.S. ...",2 weeks ago
118,Low semiconductor supplies may not be the main reason for PS5 shortages,Ars Technica,"Low semiconductor supplies may not be the main reason for PS5 shortages. 
Plans to make 14.8 million consoles this fiscal year may still fall ...",5 days ago
119,AKHAN Semiconductor Fabricates First of its Kind 300MM ...,Business Wire,"To produce the world's most advanced technologies, semiconductor 
fabricators traditionally rely on 300MM silicon wafers despite the fact 
that ...",2 weeks ago
120,"Lam Research tops $4 billion in quarterly sales for first time amid 
semiconductor shortage",MarketWatch,"Lam Research Corp. sold more than $4 billion worth of 
semiconductor-manufacturing equipment and services in a single quarter for 
the first ...",2 weeks ago
121,GlobalFoundries to double semiconductor capacity in US | News,Automotive Logistics,"A wafer is a thin slice of semiconductor, such as a crystalline silicon, 
used for the fabrication of integrated circuits. Both moves are ...",3 weeks ago
122,Decoded | Impact of semiconductor chip shortage on global economy,India Today,"Semiconductor chips are made from silicon as it is a good electricity 
conductor. These chips are fitted into microcircuits that powers 
numerous ...",3 weeks ago
123,Is Taiwan Semiconductor Manufacturing Co. (TSM) A Smart Long-Term Buy?,Yahoo Finance,"In the Q2 2021 investor letter of Wedgewood Partners, the fund mentioned 
Taiwan Semiconductor Manufacturing Company Limited (NYSE: TSM), ...",3 weeks ago
124,"Kyoto Semiconductor Co., Ltd. Launches New Photodiode ...",Business Wire,"Kyoto Semiconductor Co., Ltd. Launches New Photodiode Demonstrating 
Superior Performance With Semtech's Linear Transimpedance Amplifier. 
KP-A ...",4 days ago
125,German carmakers partially shut down amid semiconductor ...,EURACTIV.com,"The German automotive industry is continuing to struggle with a severe 
supply shortage in semiconductors, while national and European ...",2 weeks ago
126,The global chip shortage is starting to hit the smartphone industry,CNBC,"Semiconductors have been in short supply this year, due to a number of ... 
Syed Alam, Accenture's global semiconductor lead, told CNBC.",1 week ago
127,Global Compound Semiconductor Market Growth Analysis in ...,PR Newswire,"NEW YORK, July 23, 2021 /PRNewswire/ -- The global compound semiconductor 
market is expected to grow by USD 11.53 billion, progressing a ...",2 weeks ago
128,"Advanced Micro Devices vs. Synopsys: Which Semiconductor Stock is a Better 
Buy?",Yahoo Finance,"As technical innovations in energy, automotive and artificial intelligence 
continue at an unprecedented pace, semiconductors have emerged as ...",6 days ago
129,Semiconductor shortage to ‘outlast’ Covid-19 pandemic,Fleet News,"Fleet decision-makers are being warned that the global semiconductor 
shortage will have a greater impact on the automotive industry than the ...",6 days ago
130,China set to achieve 14 nm breakthrough in 2022,Total Telecom,"China consumes about 70% of global semiconductor production. But the 
country's plans to mass produce 14 nm chips next year within the ...",4 weeks ago
131,Shanghai’s big vision to lead world in next-gen tech is light on detail,South China Morning Post,"Shanghai wants to lead world in semiconductors, AI and electric cars, but 
plan to boost economy is light on detail. Companies are taking a wait- ...",2 weeks ago
132,Excelpoint's H1 earnings up over 4 times to US$12m on semiconductor strength,The Business Times,"... thanks to the elevated demand for semiconductors resulting from ... 
continue to see a rising need for semiconductor chips and solutions.",4 days ago
133,Increase in Demand for High Precision in Miniaturization ...,PR Newswire,"The semiconductor sector is expanding rapidly as a result of the driving 
... including semiconductors, medical, automotive, and electronics.",5 days ago
134,2 Semiconductor-Service Growth Stocks to Own Now,The Motley Fool,"The automotive industry has been hit hard by semiconductor shortages. Both 
of these companies offer unique solutions to help expand production ...",3 weeks ago
135,"Get Paid While You Wait: 3 Top Dividend Stocks in Semiconductor 
Manufacturing",The Motley Fool,"Semiconductors are crucial building blocks of next-gen technologies. The 
semiconductor index has nearly tripled the return of the S&P 500 over ...",1 month ago
136,Semiconductor shortage buffets Japanese companies,The Japan News,"The semiconductors in question are believed to mainly come from China, 
South Korea and Southeast Asia, and they are mainly traded on the ...",1 week ago
137,"Nissan 'cannot be optimistic' about the ongoing global chip shortage, CEO 
says",CNBC,"Uchida believes the chip shortage situation will improve but he warned 
there are “many complexities” surrounding semiconductor suppliers as ...",2 weeks ago
138,Dingell proposes $2 billion in federal semiconductor spending,Detroit News,"Debbie Dingell, D-Dearborn. The bill comes amid an ongoing semiconductor 
shortage that has forced shutdowns at auto plants and threatens to cut ...",2 weeks ago
139,Efficient energy transport in an organic semiconductor ...,Science Advances,"Efficient energy transport is desirable in organic semiconductor (OSC) 
devices. However, photogenerated excitons in OSC films mostly occupy ...",4 days ago
140,"How will car maker's evolve to combat semiconductor supply shortages? 
Opinion",AM-online,"The shortage of supply of semiconductors and microprocessors is having a 
profound impact on the global automotive sector – with the first ...",2 weeks ago
141,Semiconductor shortage weighs on Cooper Standard results,European Rubber Journal,"Earnings, Cooper Standard said, was particularly affected by a $200 million 
negative effect of semiconductors' shortage on sales and the ...",11 hours ago
142,Acquisition of UK's largest chip plant demonstrates UKs ...,Electropages,"Recently, it was announced that Nexperia is in the process of acquiring the 
UK's largest semiconductor fabrication plant Newport Wafer Fab.",3 weeks ago
143,ON Semiconductor to Announce Second Quarter 2021 ...,Business Wire,"ON Semiconductor to Announce Second Quarter 2021 Financial Results. Company 
provides conference call details. July 16, 2021 09:00 AM Eastern ...",3 weeks ago
144,"Upton, Meijer send letter to House leadership urging action on 
semiconductor shortage",Holland Sentinel,"Semiconductors are used for features like touchscreens, navigation systems 
... ""While the U.S. is a world leader in semiconductor design, ...",1 week ago
145,BE Semiconductor beats Q2 revenue forecasts on higher ...,Reuters,"July 27 (Reuters) - Chipmaking equipment supplier BE Semiconductor (BESI) 
(BESI.AS)beat its second-quarter revenue targets on Tuesday, ...",2 weeks ago
146,Intel is poised for earnings drop amid semiconductor shortage,Mint,"... in second-quarter earnings as Chief Executive Pat Gelsinger works to 
turn the chip giant around amid a global semiconductor shortage.",2 weeks ago
147,"Semiconductor Manufacturing International's (SMI) Management on Q2 2021 
Results - Earnings Call Transcript",Seeking Alpha,"Semiconductor Manufacturing International's (SMI) Management on Q2 2021 
Results - Earnings Call Transcript. Aug. 07, 2021 4:31 AM 
ETSemiconductor ...",2 days ago
148,Semiconductor foundry and geopolitical quandary - Beyond ...,The Ken,"US semiconductors accounted for about US$193 billion in global sales in 
2020—approximately half of the overall chips sold. Read this story. Just ...",1 week ago
149,Daimler says semiconductor shortage to last into 2022,Reuters,"LONDON, July 21 (Reuters) - Mercedes-Benz maker Daimler AG said on 
Wednesday that the global semiconductor shortage will last into 2022 and ...",3 weeks ago
150,ON Semiconductor Stock Composite Rating Hits 98,Investor's Business Daily,"ON Semiconductor makes power management, analog, digital signal processing 
(DSP) and other chips for a wide variety of industries. A global ...",5 days ago
151,‘Industrial Policy’ Is Back: The West Dusts Off Old Idea to Counter China,Wall Street Journal,"South Korea approved up to $65 billion in support for semiconductors, and 
Japan promised to match other countries' semiconductor aid while ...",1 week ago
152,Tower Semiconductor Ltd (TSEM) Q2 2021 Earnings Call Transcript,The Motley Fool,"Thank you and welcome to Tower Semiconductor's financial results conference 
call for the second quarter of 2021. Before we begin, I would like ...",5 days ago
153,Semiconductor Woes: Maruti Suzuki Production Takes A Hit,Motoroids,"What are Semiconductors? ... Semiconductors are silicon chips that cater to 
control and memory functions with a wide range of applications like ...",8 hours ago
154,How Toyota kept making cars when the chips were down,Fortune,"The unexpected spike in demand wasn't the only factor in the shortage: A 
series of unpredictable disasters also tangled the semiconductor supply ...",1 week ago
155,"Car chip shortage to abate, smartphones could be next ...",Reuters,"July 23 (Reuters) - The semiconductor shortage that has gripped the world 
could last well into 2022 and hit smartphone production next, ...",2 weeks ago
156,3 Semiconductor Stocks Set to Soar,Entrepreneur,"ON Semiconductor is a global supplier of power and data management 
semiconductors that are used by producers of electronic products, 
appliances, ...",6 days ago
157,ON Semiconductor Stock Earns 81 RS Rating; Breaks Out On ...,Investor's Business Daily,"O N Semiconductor Corp (ON) ... In terms of fundamentals, the company has 
posted five quarters of rising earnings growth. Revenue growth has also ...",6 days ago
158,Behind the deal: Courting Taiwan Semiconductor took years ...,The Business Journals,"Behind the deal: Courting Taiwan Semiconductor took years. Now, it's on a 
strict timeline ... “Who would have ever thought in my career I'd be ...",3 weeks ago
159,Volvo Cars CEO Sees No Improvement in Semiconductor ...,Bloomberg.com,"Volvo Cars CEO Sees No Improvement in Semiconductor Situation. Bloomberg 
Markets · TV Shows. July 23rd, 2021, 12:27 AM PDT.",2 weeks ago
160,Inhibited nonradiative decay at all exciton densities in ...,Science,"Even with the application of strain, the semiconductor remained ... The 
photophysics of these monolayer semiconductors as a function ...",2 weeks ago
161,NXP Semiconductors NV (NXPI) Q2 2021 Earnings Call Transcript,The Motley Fool,"Welcome to the NXP Semiconductor's second quarter 2021 earnings call. With 
me on the call today is Kurt Sievers, NXP's President and CEO; ...",6 days ago
162,Will China Retaliate Against U.S. Chip Sanctions?,Lawfare Blog,"Semiconductors, the core of the digital economy, ... States has slowly 
tightened restrictions around key semiconductor players in China.",3 weeks ago
163,"Fabs, Fabless and Indian Semiconductor Industry",Swarajya,"Comparing semiconductor production to a mineral like crude oil is a 
non-starter. No amount of policy or human ingenuity can extract oil from 
a ...",2 weeks ago
164,Tata Motors to redesign vehicles to reduce impact of semiconductor crisis,Hindustan Times Auto News,"Tata Motors to redesign vehicles to reduce impact of semiconductor crisis 
... crisis due to lack of supply of semiconductors in coming days.",2 weeks ago
165,Staff and semiconductor shortages stifle UK new car output,Autocar,"Staff and semiconductor shortages stifle UK new car output. SMMT figures 
show 69,079 new cars left UK lines in June, down 37% on pre-Covid 2019.",1 week ago
166,Hedge Funds Are Buying Lattice Semiconductor Corporation (LSCC),Yahoo Finance,"Is Lattice Semiconductor Corporation (NASDAQ:LSCC) an excellent investment 
today? The best stock pickers were getting more bullish.",3 weeks ago
167,Strongest Semiconductor Stocks to Buy That Aren’t Nvidia,TheStreet,"It's hard to imagine a more bullish scenario for semiconductor stocks than 
the current global chip shortage. With the COVID-19 pandemic ...",3 weeks ago
168,"Sale of semiconductor factory to Chinese-owned firm presents bigger UK risk 
than Huawei",The Telegraph,"Sale of semiconductor factory to Chinese-owned firm presents bigger UK risk 
than Huawei. Ciaran Martin, the UK's former cybersecurity chief, has ...",2 weeks ago
169,GM will cut truck production amid semiconductor shortage,Reuters,"N) said Wednesday it will cut some truck production in North America 
because of the ongoing global semiconductor shortage.",3 weeks ago
170,"Carmakers hoarding semiconductors like 'toilet paper' risk prolonging the 
chip shortage",Euronews,"Growing mistrust between carmakers and the semiconductor industry in the 
wake of the global chip shortage is causing a ""mismatch"" between ...",4 weeks ago
171,New Research Center Focuses on Semiconductor Security,UT Dallas News Center,"Semiconductor chips — often referred to as simply semiconductors — make it 
possible for electronic devices to process, store and transmit data.",3 weeks ago
172,"Texas reigns in semiconductor, wind power sectors, according ...",The Business Journals,"Samsung has had a chipmaking campus in North Austin for the past 25 years, 
where it has already invested $17 billion. NXP Semiconductors NV also ...",1 week ago
173,"Semiconductor shortage will take 1-2 years to stabilize markets, Intel CEO 
says",WRAL TechWire,"The global shortage of semiconductors that has hobbled the auto industry 
and made some consumer electronics more expensive could last until ...",2 weeks ago
174,Semiconductor supply company moving to larger space in Chandler,KTAR News,"PHOENIX – A company based in the Netherlands that supplies products and 
support to semiconductor manufacturers is increasing its presence in ...",2 weeks ago
175,These Bendy Plastic Chips Fit in Unusual Places,WIRED,"Researchers think these flexible semiconductors will be able to monitor 
your heartbeat or tell you whether your milk has spoiled.",3 weeks ago
176,Jefferies Stays Extremely Bullish on 4 Red-Hot Semiconductor Stocks,24/7 Wall St.,"Four of the industry's best companies are the top semiconductor picks at 
Jefferies, and aggressive growth investors looking for an alpha upside ...",3 weeks ago
177,Biden Admin Says Semiconductor Chip Supply Should Improve Soon,Ford Authority,"In addition, Raimondo said that both Ford CEO Jim Farley and General Motors 
CEO Mary Barra have told her that the semiconductor chip supply is “ ...",3 weeks ago
178,"State of Texas: Lawmakers seek solutions for semiconductor shortages to 
improve national security",KXAN Austin,"AUSTIN (Nexstar) — America needs to think differently when it comes to 
boosting manufacturing of semiconductor chips, according to one Texas ...",2 weeks ago
179,"Taiwan Semiconductor: This Isn't The Peak, Not With Supply Tight Into 2022",Seeking Alpha,"Taiwan Semiconductor, Micron, GlobalFoundries, and others continue to 
preach tightness into 2022. This is merely a mid-cycle correction, not 
the ...",3 weeks ago
180,Welcome to the never-ending chip shortage,CNN,"London (CNN Business) The global shortage of semiconductors that has 
hobbled the auto industry and made some consumer electronics more ...",2 weeks ago
181,Is the world too dependent on Asia’s semiconductor industry?,Tech Wire Asia,"The Asia Pacific is also the world's biggest market for semiconductors, 
accounting for 60% of global semiconductor sales, with China alone ...",26 Mar 2021
182,IBM Chips In To Drive 2 Nanometer Semiconductor Manufacturing,The Next Platform,"First, the company continued to do fundamental research in semiconductor 
technologies at its facilities in New York, usually in conjunction ...",6 May 2021
183,Everything you need to know about the global semiconductor shortage,South China Morning Post,"Beyond consumer electronics, the tight supply has begun to impact China's 
giant home appliance manufacturing sector. Topic | Semiconductors.",12 May 2021
184,Commentary: There is a global semiconductor famine and it ...,CNA,"Semiconductors, responsible for microchips that power everything from 
computers to cars has been hit with a global shortage thanks to the ...",9 Mar 2021
185,US senators propose 25per cent tax credit for semiconductor ...,CNA,"WASHINGTON: A bipartisan group of U.S. senators on Thursday proposed a 
25per cent tax credit for investments in semiconductor manufacturing ...",1 month ago
186,GLOBALFOUNDRIES Moves Corporate Headquarters to its ...,HPCwire,"Fab 8, above, is the company's most advanced semiconductor manufacturing 
facility. “Today, GF's Fab 8 in New York is a $15 billion advanced ...",26 Apr 2021
187,Semiconductor cycle out of balance after customers stock up,Financial Times,"In an industry as cyclical as semiconductors, there is always either too 
much or too little supply. For the companies that design and use ...",15 Feb 2021
188,Stocks That Benefit As U.S. Reshores Semiconductor Production,Forbes,"Moreover, demand for semiconductor fabrication equipment is also likely to 
grow, as the U.S. government has been taking steps to protect its ...",1 month ago
189,The EU must play a long game for semiconductor success,Financial Times,"Sign up to myFT Daily Digest to be the first to know about Semiconductors 
news. The writer is chief executive of Intel. Technology has never ...",28 Apr 2021
190,South Korea to spend $451 billion on becoming a ...,Data Center Dynamics,"“The entire semiconductor industry is facing a watershed moment and now is 
the time to chart out a plan for long-term strategy and investment,” ...",14 May 2021
191,Will The US Let The Chips Fall On Semiconductor Policy?,Forbes,"There is bipartisan, bicameral support in Congress for the Creating Helpful 
Incentives to Produce Semiconductors for America Act (CHIPS for ...",31 May 2021
192,Investment outlook for semiconductors amid rising global chip ...,CNA,"Semiconductor companies may not be as headline-grabbing as their big tech 
counterparts such as Apple, Google and Facebook.",7 Apr 2021
193,Why semiconductors are as scarce as gold,ING Think,"A shortage of semiconductors is a continuing and major issue. The squeezed 
market is forcing manufacturers to slow down, ...",8 Apr 2021
194,How Taiwan's TSMC will counter the global chip shortage,Tech Wire Asia,"The global semiconductor chip shortage today is so severe that it has 
reached the extent of United States (US) President Joe Biden signing ...",15 Apr 2021
195,New Chinese chip firms have tripled in 2021 amid self-sufficiency push,South China Morning Post,"As China pursues self-sufficiency in semiconductors, Washington is seeking 
to counter Beijing with a new bill funding domestic fabrication.",9 Jun 2021
196,How the world ran out of semiconductors,The Conversation,"There's a global shortage in semiconductors, and it's becoming increasingly 
serious. The US is currently reviewing its supply of the ...",5 Mar 2021
197,Semiconductor factory in Milan is an answer to microchip crisis,Innovation Origins,"This week the cleanroom, the central part of STMicroelectronics' new 
semiconductor manufacturing plant in Agrate near Milan, Italy, was 
unveiled ...",1 month ago
198,Japan puts all chips on the table to lure semiconductor makers,Nikkei Asia,"TOKYO -- Japan will pull out every policy stop to court overseas 
semiconductor companies, including offering generous financial 
incentives, ...",3 Jun 2021
199,Fire destroys 5% of Renesas semiconductor cleanroom,Cleanroom Technology,"Renesas Electronics Corporation, one of the world's largest semiconductor 
manufacturers, has reported the occurrence of a fire on 19 March ...",24 Mar 2021
200,"US to lead world again, Biden tells CEOs at semiconductor ...",Nikkei Asia,"Heads of 19 companies, including Taiwan Semiconductor Manufacturing Co., 
Samsung's Device Solutions Division, Intel, Medtronic and Micron, are ...",13 Apr 2021
201,China Turns Semiconductors Into The ‘New Oil’ While GM Runs Out Of Chips,Forbes,"China Turns Semiconductors Into The 'New Oil' While GM Runs Out Of Chips · 
China International Semiconductor Expo. Visitors look at 5G chips at ...",7 Feb 2021
202,China’s semiconductor output hits all-time high amid global shortage,South China Morning Post,"China's semiconductor output in May hits all-time high amid chip shortage 
and tech war with US. China's IC output in May surged 37.6 per cent ...",1 month ago
203,China’s small semiconductor companies get boost from Washington hostility,South China Morning Post,"... China's domestic semiconductor industry has gotten a boost as the 
country scrambles for self-reliance in all parts of the industry ...",7 May 2021
204,Why semiconductors are important in the US-China tech war,South China Morning Post,"A semiconductor is a substance that conducts electricity under some 
conditions but not others, making it a good medium to control electrical ...",29 Oct 2020
205,Lawmakers Ask Biden to Secure Funding for Semiconductor ...,Nextgov,"It says, the Chinese Communist Party 'aggressively plans to reorient and 
dominate the semiconductor supply chain'—and it goes into how much ...",13 Apr 2021
206,China's progress in advanced semiconductor technology slows,Nikkei Asia,"SHANGHAI -- China is facing delays in miniaturizing semiconductors. In a 
Nikkei survey, most of the seven major Chinese semiconductor ...",9 May 2021
207,Chinese semiconductor industry is speeding up advanced ...,Total Telecom,"Some Chinese companies have shifted its 14nm chipset orders from the market 
leader Taiwan Semiconductor Manufacturing Company (TSMC) to China's ...",22 Apr 2021
208,Why We're in the Midst of a Global Semiconductor Shortage ...,Harvard Business Review,"Business and financial media have detailed how the shortage of 
semiconductors has caused production cutbacks in the automotive industry: 
Ford, ...",26 Feb 2021
209,Boom quarter for top 10 semiconductor companies,eeNews Europe,"Samsung, with total growth of 25 per cent, is catching up on Intel which 
while the largest supplier was the only major semiconductor company to ...",25 May 2021
210,China’s universities rush to set up new semiconductor programmes,South China Morning Post,"China's Ministry of Education has made semiconductor science and 
engineering a priority academic programme; That has encouraged more ...",1 month ago
211,Lagging but motivated: The state of China's semiconductor ...,Brookings Institution,"Every year, China imports more than $300 billion of semiconductors, and 
most, though not all, major American semiconductor companies pull in at ...",7 Jan 2021
212,China's semiconductor IP sector accelerates drive for self ...,Global Times,"The semiconductor intellectual property (IP) sector in China is growing 
rapidly by the day, with tens of thousands of chip design companies ...",19 May 2021
213,Japan Seeks to Revive Stalled Semiconductor Industry ...,Supply Chain Digital,"Both nations have launched aggressive funding measures to revive their 
local semiconductor industries. And if Japan refuses to invest due to 
its ...",1 month ago
214,GlobalFoundries: New Singapore Semiconductor Facility ...,Manufacturing Global,"With the global demand for semiconductor chips increasing at an 
unprecedented rate, GlobalFoundries has established plans to not only 
expand the ...",1 month ago
215,Rising Revenues And Margins Could Drive ON Semiconductor Stock To $45,Forbes,"Up around 3.5x from its low in March 2020, at the current price of $38 per 
share, we believe ON Semiconductor stock (NASDAQ: ON) has further ...",7 Jun 2021
216,Why the semiconductor shortage won't end soon | Penn Today,Penn Today,"24 authorizing a long-term supply chain review of six sectors of the 
economy, and a short-term review of semiconductors and the materials 
needed ...",19 Mar 2021
217,"Governments are deploying 'wartime-like' efforts to win the global 
semiconductor race",CNBC,"These clever semiconductors make our internet-connected world go round. ... 
Through the so-called ""K-Semiconductor Strategy,"" the South ...",17 May 2021
218,China chases semiconductor self-sufficiency,East Asia Forum,"Huawei's Kirin chipsets are made by Taiwan Semiconductor Manufacturing 
Company (TSMC) using US technology and equipment. The technological gap ...",22 Feb 2021
219,"Semiconductors: Chinese takeover of UK's leading chipmaker doesn't need a 
security review – here's why",The Conversation,"Chinese state-backed conglomerate Wingtech Technology is taking full 
control of the UK's largest semiconductor foundry, Newport Wafer Fab ...",1 month ago
220,"US, China to set up working group to ease tension in global chips industry",South China Morning Post,"to ease a global shortage of chips, a move that could help Chinese firms, 
from Huawei Technologies to Shanghai-based Semiconductor ...",11 Mar 2021
221,Taiwan pledges to boost semiconductor supply to Europe ...,The Straits Times,"Taiwan's high-tech chip manufacturing plants are among the largest and most 
advanced in the world, with the Taiwan Semiconductor Manufacturing ...",11 May 2021
222,"Why there's a chip shortage that's hurting everything from the PlayStation 
5 to the Chevy Malibu",CNBC,"Semiconductors are in short supply because of strong demand for 
electronics, shifting business models in the semiconductor world that 
created a ...",10 Feb 2021
223,"Semiconductor investment frenzy ramps up in Asia amid chip shortages, tech 
war",South China Morning Post,"This came days after it was reported by Nikkei Asia that Taiwan 
Semiconductor Manufacturing Co (TSMC), the world's largest contract chip 
maker, ...",1 month ago
224,"China will ‘vigorously support’ semiconductor industry, IT minister says",South China Morning Post,"China will 'vigorously support' semiconductor industry, IT ministry head 
says, as country seeks self-sufficiency in chip-making. The head of the ...",1 Mar 2021
225,"When the chips are down, can 007 save the semiconductor?",Financial Times,"When the chips are down, can 007 save the semiconductor? 'After years of 
US-China trade skirmishing, semiconductors provide the arena in which ...",25 Apr 2021
226,What’s behind the semiconductor shortage and how long could it last?,Brookings Institution,"A global shortage of semiconductors has created serious anxiety in some 
industries and even caused automakers to halt production in several ...",24 May 2021
227,Taiwan’s foundry king says mainland China is not yet a competitor,South China Morning Post,"Chang, who established Taiwan Semiconductor Manufacturing Co (TSMC) in 
1987, is seen as the father of Taiwan's success in the foundry ...",22 Apr 2021
228,"Semiconductors are in short supply. 3 experts weigh in on what to do about 
it",Fortune,"Semiconductors power almost any smart device you own. They're small, 
complex, and powerful pieces of hardware that are integral to the ...",1 month ago
229,Chip Shortage 2021: Semiconductors Are Hard to Make and ...,Bloomberg.com,"Shortages of semiconductors are battering automakers and tech giants ... 
years to build semiconductor fabrication facilities and billions of ...",5 May 2021
230,S'pore semiconductor firms boost capacity amid global chip ...,The Straits Times,"Singapore Semiconductor Industry Association (SSIA) executive director Ang 
Wee Seng told The Straits Times that the high demand is forecast to ...",4 Jun 2021
231,Production localization new focus for Shanghai semiconductor ...,Global Times,"A global supply crunch and US sanctions on China's leading chipmakers have 
accelerated the localization of semiconductor industry, ...",18 Mar 2021
232,TSMC dominance as the world’s largest chipmaker explained,Tech Wire Asia,"One company in Taiwan – Taiwan Semiconductor Manufacturing Co. – accounts 
for more than half of the world's semiconductor foundry market in 2020 ...",4 Feb 2021
233,Qualcomm warns global chip shortages are spreading,South China Morning Post,"Qualcomm Inc, the world's largest smartphone chip maker, warned it is 
struggling to meet demand, signalling that a global semiconductor ...",4 Feb 2021
234,China’s chip makers bought more new gear in 2020 than any other country,South China Morning Post,"US-China tech war: China becomes world's top semiconductor equipment market 
as Beijing pushes local chip industry. Taiwan was the second-largest ...",15 Apr 2021
235,Malaysian Tycoons’ UWC Profit Nearly Doubles Amid Global Semiconductor Boom,Forbes,"“Semiconductor orders remain very strong,” UWC added in the ... able to 
meet the robust global demand for semiconductors and help ease the ...",1 month ago
236,Global chip and semiconductor industry heavily reliant on Asia,Consultancy.asia,"Asia's stronghold on the global semiconductor market has grown so strong 
that sanctions on China's chip production have become a source of ...",19 Apr 2021
237,Simply throwing money may not fulfill Europe's semiconductor ...,Global Times,"The EU now has just 10 percent of global semiconductor production capacity, 
far behind the US and Asian economies. As the COVID-19 pandemic ...",7 May 2021
238,US-Japan chip alliance won't contain China's rise: analysts,Global Times,"The importance of the semiconductor supply chain has been highlighted 
recently as several major global vehicle brands announced production 
halts ...",6 Apr 2021
239,TSMC: how a Taiwanese chipmaker became a linchpin of the ...,Financial Times,"Taiwan Semiconductor Manufacturing Company, the largest contract chipmaker 
... is building a plant to make 3 nanometre chips, semiconductors ...",23 Mar 2021
240,"Chip giants are making more money than ever as the semiconductor shortage 
rages",CNBC,"Around 57% of the world's chip foundry revenues in the last quarter were 
generated by one Taiwanese chipmaker: Taiwan Semiconductor ...",1 Jun 2021
241,"McCaul And Cotton Ask Raimondo To Tighten Controls On Semiconductor 
Manufacturing Equipment",Forbes,"... on U.S. Commerce Secretary Gina Raimondo to tighten restriction on the 
sale of semiconductor manufacturing equipment (SME) to China.",28 Apr 2021
242,Who really stands to win from the semiconductor explosion?,Citywire Selector,"The table below shows stocks as well as active and passive fund picks for 
exposure to the semiconductor market. US companies, such as Intel Corp ...",4 Mar 2021
243,"China must drive chip assembly, packaging innovations, experts say",South China Morning Post,"The landmark US Innovation and Competition Act identifies China as a major 
rival to America's technological dominance. Topic | Semiconductors.",9 Jun 2021
244,Why the current semiconductor shortage won’t be the last,South China Morning Post,"Why the semiconductor shortage hitting cars and smartphones won't be the 
last. The last big supply chain shock was 10 years ago when the ...",22 Mar 2021
245,"Why Is There a Chip Shortage? Covid-19, Surging Demand ...",Bloomberg.com,"It's also catapulted Taiwan Semiconductor Manufacturing Co. and Samsung ... 
Overall demand for semiconductors of all stripes—from basic ...",28 Mar 2021
246,Chinese chip foundry SMIC seeks to retain top talent with huge stock bonus,South China Morning Post,"... US$3.7 million in shares in effort to retain semiconductor talent ... 
self-sufficiency in semiconductors, but US sanctions and a talent ...",1 month ago
247,"Yes, the global microchip shortage is COVID's fault. No, it won ...",GCN,"Semiconductors are an essential component of electronic devices, ... They 
harness the conducting properties of semiconductor materials (such ...",8 Jun 2021
248,How Wuhan’s dream chip project became a nightmare,South China Morning Post,"China's semiconductors: How Wuhan's challenger to Chinese chip champion 
SMIC turned from dream to nightmare. Hopes that the HSMC facility could ...",20 Mar 2021
249,How Will the Global Semiconductor Crunch Impact South ...,The Diplomat,"Semiconductors are as ubiquitous as they are crucial to the modern economy 
and yet they are in short supply this year.",1 Apr 2021
250,"The semiconductor shortage is here to stay, but it will affect chip 
companies differently",MarketWatch,"Semiconductors in the age of COVID-19: Extreme demand spike will keep chips 
in short supply for the foreseeable future, but different types of ...",17 Apr 2021
251,Why Trailing Edge Semiconductor Manufacturing Matters,Forbes,"The need for processors on larger nodes is also constrained as most of the 
major semiconductor fabs have opted to invest in leading edge ...",13 May 2021
252,On Semiconductor LED driver ICs support smart and ...,LEDs Magazine,"Recent LED driver IC launches from On Semiconductor offer robust circuit 
protection while enabling visible light communications (VLC) and other ...",1 month ago
253,"White House Sets First Steps on Semiconductor, Mineral ...",MeriTalk,"On the semiconductors front, the White House said the government is ... the 
private sector in domestic semiconductor manufacturing and R&D.",8 Jun 2021
254,"Micron CEO sees semiconductor growth as cars become 'data centers on 
wheels' and 5G rolls out",CNBC,"Micron Technology sees immense growth for semiconductors in 5G and electric 
vehicles, CEO Sanjay Mehrotra told CNBC on Thursday.",1 month ago
255,"A global semiconductor shortage highlights a troubling trend: A small and 
shrinking number of the world's computer chips are made in the US",The Conversation,"Semiconductors are the logic and memory chips used in computers, phones, 
vehicles and appliances. The U.S. share of global semiconductor ...",9 Mar 2021
256,China wants disruptive chip tech to prepare for Moore’s Law demise,South China Morning Post,"China seeks to boost its domestic chip-making capability amid a protracted 
tech war with the US. Topic | Semiconductors.",15 May 2021
257,Controversial Wuhan semiconductor maker dismisses all staff ...,Global Times,"Chinese controversial semiconductor maker Wuhan Hongxin Semiconductor 
Manufacturing Co (HSMC) has reportedly issued a noticed to dismiss all ...",28 Feb 2021
258,"Semiconductor Industry Growth Spikes, But Supply Remains ...",IoT World Today,"Demand for semiconductors is white-hot as remote work and the appetite for 
consumer electronics continue unabated. But supply chain dysfunction ...",13 May 2021
